"lambda_c","mu","K","gamma","lambda_a","loglik","df","conv"
0.767749320733306,1.77166095878803e-09,3.00003880280079,0.000750314431394791,0.000101614571827502,-27.3882792747044,5,0
