"lambda_c","mu","K","gamma","lambda_a","loglik","df","conv"
<<<<<<< HEAD
0.0373849426048288,0.0632154242896878,182009.449051832,0.0013710004251649,3511524.42948627,-124.923918935215,5,0
=======
0.0317358118594895,1.37585549827367e-08,6.07364392927377,0.000867859858155797,9714.57738730761,-118.754095242087,5,0
>>>>>>> 551e5c200fc9a4d8f8860ea72ad7be557c6eae55
