Clade_name	Status	Missing_species	Branching_times
5	Endemic	0	4.87465
30	Endemic	0	0.92085,8.73616,10.2747
100	Endemic	0	8.92633
209	Endemic	0	0.409291,0.897688,1.99964,4.16344,4.39143,4.48238,4.94057,5.77648,7.56862,13.2015
459	Endemic	0	1.20319
595	Endemic	0	7.42069
663	Endemic	0	9.4015,9.61799
929	Non_endemic	0	13.7719
966	Endemic	0	3.30139
