"lambda_c","mu","K","gamma","lambda_a","loglik","df","conv"
0.0317358118594895,1.37585549827367e-08,6.07364392927377,0.000867859858155797,9714.57738730761,-118.754095242087,5,0
