Clade_name	Status	Missing_species	Branching_times
53	Endemic	0	8.49348
86	Endemic	0	12.5346
190	Endemic	0	10.9174
335	Endemic	0	2.60816,9.30815
338	Endemic	0	7.22595,8.63438,11.5716,13.2273
362	Endemic	0	8.1903,13.607,14.1734
384	Endemic	0	3.06948
394	Endemic	0	1.0195
513	Endemic	0	7.63092
541	Endemic	0	3.2296,7.40438
665	Endemic	0	12.0217
711	Non_endemic	0	4.6572
889	Endemic	0	7.70596,12.1791
895	Endemic	0	7.60167
900	Endemic	0	2.96149
936	Endemic	0	5.14418
976	Endemic	0	8.71617,9.68706
