Clade_name	Status	Missing_species	Branching_times
8	Endemic	0	11.6395,14.8583
23	Endemic	0	4.65977
100	Endemic	0	4.90299
124	Endemic	0	5.50275
458	Endemic	0	0.62977
553	Endemic	0	6.82984
590	Endemic	0	8.05423
666	Endemic	0	5.01234
765	Endemic	0	8.63479
923	Endemic	0	14.9034
937	Endemic	0	7.76306
944	Endemic	0	14.663
968	Endemic	0	2.55441,5.34632,5.92551
