"lambda_c","mu","K","gamma","lambda_a","loglik","df","conv"
0.0373849426048288,0.0632154242896878,182009.449051832,0.0013710004251649,3511524.42948627,-124.923918935215,5,0
